"Check";"Data";"BPER c/c";"Diff BPER";"WEBANK c/c";"Diff WEBANK";"TRADE REP.";"Diff TR";"BBVA c/c";"Diff BBVA";"BTP Lordo";"Diff OBBLIG";"XEON Lordo";"Diff XEON Lordo";"ETF Lordo";"Diff ETF";"TRIC DEB/CRED";"Diff TRIC";"CartaWeBank";"Diff CARTA";"EDENRED";"Diff EDEN";"RENDIM. LORDO";"Diff REND";"Totale";"Diff Tot";"Note"
"CHECK 38";"2026-07-06";"3549,00";"-125,00";"221,00";"0,00";"4507,00";"5,00";"12562,00";"0,00";"7934,00";"5,00";"5087,00";"5087,00";"25986,00";"-5068,00";"72,00";"-45,00";"0,00";"0,00";"147,00";"0,00";"3407,00";"19,00";"59037,38";"1166,36";"Scorporato XEON da ETF tutti Lordo"
"CHECK 37";"2026-07-03";"3674,00";"-384,00";"221,00";"0,00";"4502,00";"0,00";"12562,00";"3,00";"7929,00";"-32,00";"0,00";"0,00";"31054,00";"154,00";"117,00";"-240,00";"0,00";"0,00";"147,00";"0,00";"3388,00";"154,00";"57871,02";"-539,04";""
"CHECK 36";"2026-06-30";"4058,00";"0,00";"221,00";"0,00";"4502,00";"300,00";"12559,00";"0,00";"7961,00";"11,00";"0,00";"0,00";"30900,00";"148,00";"357,00";"34,00";"0,00";"0,00";"147,00";"0,00";"3234,00";"148,00";"58410,06";"454,52";""
"CHECK 35";"2026-06-29";"4058,00";"2282,00";"221,00";"-2861,00";"4202,00";"0,00";"12559,00";"0,00";"7950,00";"45,00";"0,00";"0,00";"30752,00";"2625,00";"323,00";"51,00";"0,00";"0,00";"147,00";"147,00";"3086,00";"-235,00";"57955,54";"1606,50";"Dopo spese in Vacanza (varie) e 455 Hotel Bellaria"
"CHECK 34";"2026-06-19";"1776,00";"248,00";"3082,00";"2500,00";"4202,00";"0,00";"12559,00";"-2500,00";"7905,00";"-26,00";"0,00";"0,00";"28127,00";"47,00";"272,00";"-56,00";"0,00";"0,00";"0,00";"-203,00";"3321,00";"47,00";"56349,04";"-2,22";"Spost da BBVA a WEBANK - Dopo meta mutuo da Fra 341"
"CHECK 33";"2026-06-17";"1528,00";"-20,00";"582,00";"0,00";"4202,00";"0,00";"15059,00";"0,00";"7931,00";"-3,00";"0,00";"0,00";"28080,00";"-28,00";"328,00";"-27,00";"0,00";"0,00";"203,00";"0,00";"3274,00";"-28,00";"56351,26";"-70,72";""
"CHECK 32";"2026-06-16";"1548,00";"-859,00";"582,00";"481,00";"4202,00";"0,00";"15059,00";"0,00";"7934,00";"6,00";"0,00";"0,00";"28108,00";"-165,00";"355,00";"49,00";"0,00";"0,00";"203,00";"0,00";"3302,00";"287,00";"56421,98";"-445,10";"Dopo addebito Mutuo e PRIMA della restituzione FRA"
"CHECK 31";"2026-06-12";"2407,00";"-95,00";"101,00";"0,00";"4202,00";"0,00";"15059,00";"0,00";"7928,00";"39,00";"0,00";"0,00";"28273,00";"397,00";"306,00";"17,00";"0,00";"0,00";"203,00";"0,00";"3015,00";"396,00";"56867,08";"254,78";""
"CHECK 30";"2026-06-10";"2502,00";"-5,00";"101,00";"0,00";"4202,00";"0,00";"15059,00";"0,00";"7889,00";"-8,00";"0,00";"0,00";"27876,00";"-321,00";"289,00";"-17,00";"0,00";"0,00";"203,00";"0,00";"2619,00";"-321,00";"56612,30";"-267,54";""
"CHECK 29";"2026-06-08";"2507,00";"-448,00";"101,00";"0,00";"4202,00";"-180,00";"15059,00";"0,00";"7897,00";"-19,00";"0,00";"0,00";"28197,00";"-155,00";"306,00";"-44,00";"0,00";"0,00";"203,00";"140,00";"2940,00";"-154,00";"56879,84";"-665,70";"Dopo TARI Bollo Fiat Y - Scarpe Autry"
"CHECK 28";"2026-06-05";"2955,00";"-84,00";"101,00";"0,00";"4382,00";"0,00";"15059,00";"0,00";"7916,00";"12,00";"0,00";"0,00";"28352,00";"-309,00";"350,00";"32,00";"0,00";"0,00";"63,00";"0,00";"3094,00";"-310,00";"57545,54";"-268,66";""
"CHECK 27";"2026-06-03";"3039,00";"-267,00";"101,00";"0,00";"4382,00";"7,00";"15059,00";"11,00";"7904,00";"0,00";"0,00";"0,00";"28661,00";"347,00";"318,00";"110,00";"0,00";"0,00";"63,00";"-56,00";"3404,00";"347,00";"57814,20";"61,78";""
"CHECK 26";"2026-05-28";"3306,00";"-5,00";"101,00";"0,00";"4375,00";"-815,00";"15048,00";"0,00";"7904,00";"-16,00";"0,00";"0,00";"28314,00";"-159,00";"208,00";"0,00";"0,00";"0,00";"119,00";"0,00";"3057,00";"-158,00";"57752,42";"-953,66";"DOPO pagamento 50% Condizionatori"
"CHECK 25";"2026-05-27";"3311,00";"1263,00";"101,00";"50,00";"5190,00";"200,00";"15048,00";"0,00";"7920,00";"66,00";"0,00";"0,00";"28473,00";"457,00";"208,00";"38,00";"0,00";"0,00";"119,00";"0,00";"3215,00";"456,00";"58706,08";"1955,18";"Stipendio 1936"
"CHECK 24";"2026-05-18";"2048,00";"-868,00";"51,00";"0,00";"4990,00";"0,00";"15048,00";"0,00";"7854,00";"8,00";"0,00";"0,00";"28016,00";"96,00";"170,00";"55,00";"0,00";"0,00";"119,00";"-56,00";"2759,00";"97,00";"56750,90";"-789,96";"prima di acquisto condizionatori"
"CHECK 23";"2026-05-12";"2916,00";"-422,00";"51,00";"0,00";"4990,00";"0,00";"15048,00";"0,00";"7846,00";"-58,00";"0,00";"0,00";"27920,00";"-165,00";"115,00";"56,00";"0,00";"0,00";"175,00";"7,00";"2662,00";"-165,00";"57540,86";"-539,10";""
"CHECK 22";"2026-05-07";"3338,00";"0,00";"51,00";"0,00";"4990,00";"0,00";"15048,00";"0,00";"7904,00";"-1,00";"0,00";"0,00";"28085,00";"65,00";"59,00";"-1,00";"0,00";"0,00";"168,00";"0,00";"2827,00";"64,00";"58079,96";"46,10";""
"CHECK 21";"2026-05-06";"3338,00";"-144,00";"51,00";"0,00";"4990,00";"0,00";"15048,00";"12,00";"7905,00";"37,00";"0,00";"0,00";"28020,00";"392,00";"60,00";"72,00";"0,00";"0,00";"168,00";"0,00";"2763,00";"393,00";"58033,86";"267,08";""
"CHECK 20";"2026-05-04";"3482,00";"-382,00";"51,00";"0,00";"4990,00";"5,00";"15036,00";"0,00";"7868,00";"-44,00";"0,00";"0,00";"27628,00";"79,00";"-12,00";"27,00";"0,00";"0,00";"168,00";"-63,00";"2370,00";"78,00";"57766,78";"-398,54";""
"CHECK 19";"2026-04-27";"3864,00";"1425,00";"51,00";"0,00";"4985,00";"298,00";"15036,00";"0,00";"7912,00";"20,00";"0,00";"0,00";"27549,00";"13,00";"-39,00";"6,00";"0,00";"0,00";"231,00";"0,00";"2292,00";"14,00";"58165,32";"1758,62";"Risparmi TR -  Aprile+Inizio Maggio 98+200=298"
"CHECK 18";"2026-04-24";"2439,00";"-5,00";"51,00";"-17,00";"4687,00";"0,00";"15036,00";"0,00";"7892,00";"-14,00";"0,00";"0,00";"27536,00";"-15,00";"-45,00";"-39,00";"0,00";"0,00";"231,00";"0,00";"2278,00";"-16,00";"56406,70";"-86,10";""
"CHECK 17";"2026-04-22";"2444,00";"15,00";"68,00";"0,00";"4687,00";"0,00";"15036,00";"0,00";"7906,00";"4,00";"0,00";"0,00";"27551,00";"146,00";"-6,00";"39,00";"0,00";"0,00";"231,00";"-56,00";"2294,00";"146,00";"56492,80";"110,04";""
"CHECK 16";"2026-04-15";"2429,00";"-907,00";"68,00";"0,00";"4687,00";"0,00";"15036,00";"0,00";"7902,00";"-14,00";"0,00";"0,00";"27405,00";"216,00";"-45,00";"32,00";"0,00";"0,00";"287,00";"-28,00";"2148,00";"217,00";"56382,76";"-757,16";"Borsa in Rialzo - Mancano ancora 300 euro meta mutio da FRA"
"CHECK 15";"2026-04-09";"3336,00";"-356,00";"68,00";"0,00";"4687,00";"0,00";"15036,00";"0,00";"7916,00";"-10,00";"0,00";"0,00";"27189,00";"-95,00";"-77,00";"106,00";"0,00";"0,00";"315,00";"154,00";"1931,00";"-96,00";"57139,92";"-176,30";"RettaAsilo 338 - Altre spese"
"CHECK 14";"2026-04-08";"3692,00";"-166,00";"68,00";"0,00";"4687,00";"0,00";"15036,00";"0,00";"7926,00";"47,00";"0,00";"0,00";"27284,00";"522,00";"-183,00";"-255,00";"0,00";"0,00";"161,00";"0,00";"2027,00";"523,00";"57316,22";"12,28";"Dopo accordi di PACE in IRAN e TRUMP non ha attaccato"
"CHECK 13";"2026-04-03";"3858,00";"-253,00";"68,00";"-1,00";"4687,00";"0,00";"15036,00";"5,00";"7879,00";"-9,00";"0,00";"0,00";"26762,00";"6,00";"72,00";"86,00";"0,00";"0,00";"161,00";"0,00";"1504,00";"6,00";"57303,94";"-167,56";""
"CHECK 12";"2026-04-01";"4111,00";"-3,00";"69,00";"0,00";"4687,00";"6,00";"15031,00";"0,00";"7888,00";"118,00";"0,00";"0,00";"26756,00";"532,00";"-14,00";"-89,00";"0,00";"0,00";"161,00";"0,00";"1498,00";"531,00";"57471,50";"425,68";""
"CHECK 11";"2026-03-27";"4114,00";"1672,00";"69,00";"0,00";"4681,00";"252,00";"15031,00";"0,00";"7770,00";"-110,00";"0,00";"0,00";"26224,00";"-377,00";"75,00";"0,00";"0,00";"0,00";"161,00";"0,00";"967,00";"-377,00";"57045,82";"1535,02";"Stipendio"
"CHECK 10";"2026-03-24";"2442,00";"-36,00";"69,00";"0,00";"4429,00";"0,00";"15031,00";"0,00";"7880,00";"23,00";"0,00";"0,00";"26601,00";"203,00";"75,00";"0,00";"0,00";"0,00";"161,00";"0,00";"1344,00";"203,00";"55510,80";"137,22";""
"CHECK 9";"2026-03-23";"2478,00";"-50,00";"69,00";"0,00";"4429,00";"0,00";"15031,00";"0,00";"7857,00";"15,00";"0,00";"0,00";"26398,00";"-39,00";"75,00";"-69,00";"0,00";"0,00";"161,00";"0,00";"1141,00";"-38,00";"55373,58";"-132,86";""
"CHECK 8";"2026-03-20";"2528,00";"-11,00";"69,00";"0,00";"4429,00";"0,00";"15031,00";"0,00";"7842,00";"-86,00";"0,00";"0,00";"26437,00";"-187,00";"144,00";"0,00";"0,00";"0,00";"161,00";"0,00";"1179,00";"-188,00";"55506,44";"-235,38";"Ulteriore calo in borsa"
"CHECK 7";"2026-03-19";"2539,00";"320,00";"69,00";"0,00";"4429,00";"0,00";"15031,00";"0,00";"7928,00";"-54,00";"0,00";"0,00";"26624,00";"-640,00";"144,00";"-20,00";"0,00";"0,00";"161,00";"0,00";"1367,00";"-639,00";"55741,82";"-227,60";"Dopo bonifico Francesca per metà mutuo di 341,70"
"CHECK 6";"2026-03-18";"2219,00";"-27,00";"69,00";"0,00";"4429,00";"0,00";"15031,00";"0,00";"7982,00";"75,00";"0,00";"0,00";"27264,00";"182,00";"164,00";"0,00";"0,00";"0,00";"161,00";"0,00";"2006,00";"182,00";"55969,42";"182,68";"check intermedio"
"CHECK 5";"2026-03-16";"2246,00";"-831,00";"69,00";"0,00";"4429,00";"0,00";"15031,00";"0,00";"7907,00";"10,00";"0,00";"0,00";"27082,00";"15,00";"164,00";"2,00";"0,00";"0,00";"161,00";"-56,00";"1824,00";"14,00";"55786,74";"-863,90";""
"CHECK 4";"2026-03-13";"3077,00";"0,00";"69,00";"0,00";"4429,00";"0,00";"15031,00";"0,00";"7897,00";"-55,00";"0,00";"0,00";"27067,00";"-188,00";"162,00";"-47,00";"0,00";"0,00";"217,00";"0,00";"1810,00";"-188,00";"56650,64";"-241,12";"Dopo Bollette e calo borsa"
"CHECK 3";"2026-03-11";"3077,00";"-676,00";"69,00";"0,00";"4429,00";"0,00";"15031,00";"0,00";"7952,00";"-39,00";"0,00";"0,00";"27255,00";"-65,00";"209,00";"308,00";"0,00";"0,00";"217,00";"0,00";"1998,00";"-65,00";"56891,76";"-455,10";"Dopo pagamento 4 bollette Marzo"
"CHECK 2";"2026-03-10";"3753,00";"-662,00";"69,00";"0,00";"4429,00";"3,00";"15031,00";"13,00";"7991,00";"-97,00";"0,00";"0,00";"27320,00";"-372,00";"-99,00";"91,00";"0,00";"0,00";"217,00";"77,00";"2063,00";"-372,00";"57346,86";"-839,28";"prima di pagare bollette"
"CHECK 1";"2026-02-27";"4415,00";"";"69,00";"";"4426,00";"";"15018,00";"";"8088,00";"";"0,00";"";"27692,00";"";"-190,00";"";"0,00";"";"140,00";"";"2435,00";"";"58186,14";"";""